{"LOAN": 41600.0, "MORTDUE": 148292.125, "VALUE": 197777.625, "DEROG": 0.0, "DELINQ": 0.0, "CLAGE": 406.35234092499996, "NINQ": 8.0, "DEBTINC": 60.9532786275}