{"BAD": 0.199496644295302, "LOAN": 18607.96979865772, "MORTDUE": 73760.817199559, "VALUE": 101776.04874145007, "YOJ": 8.922268135904499, "DEROG": 0.2545696877380046, "DELINQ": 0.4494423791821561, "CLAGE": 179.76627518656605, "NINQ": 1.1860550458715597, "CLNO": 21.29609620076682, "DEBTINC": 33.779915348721126, "NANNUM": 0.8843959731543625}