{"LOAN": -7200.0, "MORTDUE": -11952.875, "VALUE": -12283.375, "DEROG": 0.0, "DELINQ": 0.0, "CLAGE": -71.53907983499997, "NINQ": -3.0, "DEBTINC": 12.649087795499998}