{"MORTDUE": 73760.817199559, "VALUE": 101776.04874145007, "DEROG": 0, "DELINQ": 0, "CLAGE": 0, "NINQ": 1.1860550458715597, "DEBTINC": 203.31214869}