{"LOAN": 5000.0, "MORTDUE": 28108.375, "VALUE": 40231.875, "DEROG": 0.0, "DELINQ": 0.0, "CLAGE": 47.93377535500002, "NINQ": -1.0, "DEBTINC": 24.7251355035}